--
-- PostgreSQL database dump
--

-- Dumped from database version 12.17 (Ubuntu 12.17-1.pgdg22.04+1)
-- Dumped by pg_dump version 12.17 (Ubuntu 12.17-1.pgdg22.04+1)

SET statement_timeout = 0;
SET lock_timeout = 0;
SET idle_in_transaction_session_timeout = 0;
SET client_encoding = 'UTF8';
SET standard_conforming_strings = on;
SELECT pg_catalog.set_config('search_path', '', false);
SET check_function_bodies = false;
SET xmloption = content;
SET client_min_messages = warning;
SET row_security = off;

DROP DATABASE universe;
--
-- Name: universe; Type: DATABASE; Schema: -; Owner: freecodecamp
--

CREATE DATABASE universe WITH TEMPLATE = template0 ENCODING = 'UTF8' LC_COLLATE = 'C.UTF-8' LC_CTYPE = 'C.UTF-8';


ALTER DATABASE universe OWNER TO freecodecamp;

\connect universe

SET statement_timeout = 0;
SET lock_timeout = 0;
SET idle_in_transaction_session_timeout = 0;
SET client_encoding = 'UTF8';
SET standard_conforming_strings = on;
SELECT pg_catalog.set_config('search_path', '', false);
SET check_function_bodies = false;
SET xmloption = content;
SET client_min_messages = warning;
SET row_security = off;

SET default_tablespace = '';

SET default_table_access_method = heap;

--
-- Name: galaxy; Type: TABLE; Schema: public; Owner: freecodecamp
--

CREATE TABLE public.galaxy (
    galaxy_id integer NOT NULL,
    name character varying(30) NOT NULL,
    age_in_millions_of_years numeric(3,1),
    distance_from_earth numeric(3,1) NOT NULL,
    galaxy_types_id integer
);


ALTER TABLE public.galaxy OWNER TO freecodecamp;

--
-- Name: galaxy_galaxy_id_seq; Type: SEQUENCE; Schema: public; Owner: freecodecamp
--

CREATE SEQUENCE public.galaxy_galaxy_id_seq
    AS integer
    START WITH 1
    INCREMENT BY 1
    NO MINVALUE
    NO MAXVALUE
    CACHE 1;


ALTER TABLE public.galaxy_galaxy_id_seq OWNER TO freecodecamp;

--
-- Name: galaxy_galaxy_id_seq; Type: SEQUENCE OWNED BY; Schema: public; Owner: freecodecamp
--

ALTER SEQUENCE public.galaxy_galaxy_id_seq OWNED BY public.galaxy.galaxy_id;


--
-- Name: galaxy_types; Type: TABLE; Schema: public; Owner: freecodecamp
--

CREATE TABLE public.galaxy_types (
    galaxy_types_id integer NOT NULL,
    name character varying(30) NOT NULL,
    description text
);


ALTER TABLE public.galaxy_types OWNER TO freecodecamp;

--
-- Name: galaxy_types_galaxy_types_id_seq; Type: SEQUENCE; Schema: public; Owner: freecodecamp
--

CREATE SEQUENCE public.galaxy_types_galaxy_types_id_seq
    AS integer
    START WITH 1
    INCREMENT BY 1
    NO MINVALUE
    NO MAXVALUE
    CACHE 1;


ALTER TABLE public.galaxy_types_galaxy_types_id_seq OWNER TO freecodecamp;

--
-- Name: galaxy_types_galaxy_types_id_seq; Type: SEQUENCE OWNED BY; Schema: public; Owner: freecodecamp
--

ALTER SEQUENCE public.galaxy_types_galaxy_types_id_seq OWNED BY public.galaxy_types.galaxy_types_id;


--
-- Name: moon; Type: TABLE; Schema: public; Owner: freecodecamp
--

CREATE TABLE public.moon (
    moon_id integer NOT NULL,
    name character varying(30) NOT NULL,
    age_in_millions_of_years numeric(3,1),
    distance_from_earth numeric(3,1) NOT NULL,
    revolution_period_in_days integer,
    planet_id integer
);


ALTER TABLE public.moon OWNER TO freecodecamp;

--
-- Name: moon_moon_id_seq; Type: SEQUENCE; Schema: public; Owner: freecodecamp
--

CREATE SEQUENCE public.moon_moon_id_seq
    AS integer
    START WITH 1
    INCREMENT BY 1
    NO MINVALUE
    NO MAXVALUE
    CACHE 1;


ALTER TABLE public.moon_moon_id_seq OWNER TO freecodecamp;

--
-- Name: moon_moon_id_seq; Type: SEQUENCE OWNED BY; Schema: public; Owner: freecodecamp
--

ALTER SEQUENCE public.moon_moon_id_seq OWNED BY public.moon.moon_id;


--
-- Name: planet; Type: TABLE; Schema: public; Owner: freecodecamp
--

CREATE TABLE public.planet (
    planet_id integer NOT NULL,
    name character varying(30) NOT NULL,
    age_in_millions_of_years numeric(3,1),
    distance_from_earth numeric(3,1) NOT NULL,
    planet_types_id integer,
    revolution_period_in_days integer,
    is_spherical boolean,
    has_life boolean,
    star_id integer
);


ALTER TABLE public.planet OWNER TO freecodecamp;

--
-- Name: planet_planet_id_seq; Type: SEQUENCE; Schema: public; Owner: freecodecamp
--

CREATE SEQUENCE public.planet_planet_id_seq
    AS integer
    START WITH 1
    INCREMENT BY 1
    NO MINVALUE
    NO MAXVALUE
    CACHE 1;


ALTER TABLE public.planet_planet_id_seq OWNER TO freecodecamp;

--
-- Name: planet_planet_id_seq; Type: SEQUENCE OWNED BY; Schema: public; Owner: freecodecamp
--

ALTER SEQUENCE public.planet_planet_id_seq OWNED BY public.planet.planet_id;


--
-- Name: planet_types; Type: TABLE; Schema: public; Owner: freecodecamp
--

CREATE TABLE public.planet_types (
    planet_types_id integer NOT NULL,
    name character varying(30) NOT NULL,
    description text
);


ALTER TABLE public.planet_types OWNER TO freecodecamp;

--
-- Name: planet_types_planet_types_id_seq; Type: SEQUENCE; Schema: public; Owner: freecodecamp
--

CREATE SEQUENCE public.planet_types_planet_types_id_seq
    AS integer
    START WITH 1
    INCREMENT BY 1
    NO MINVALUE
    NO MAXVALUE
    CACHE 1;


ALTER TABLE public.planet_types_planet_types_id_seq OWNER TO freecodecamp;

--
-- Name: planet_types_planet_types_id_seq; Type: SEQUENCE OWNED BY; Schema: public; Owner: freecodecamp
--

ALTER SEQUENCE public.planet_types_planet_types_id_seq OWNED BY public.planet_types.planet_types_id;


--
-- Name: star; Type: TABLE; Schema: public; Owner: freecodecamp
--

CREATE TABLE public.star (
    star_id integer NOT NULL,
    name character varying(30) NOT NULL,
    age_in_millions_of_years numeric(3,1),
    distance_from_earth numeric(3,1) NOT NULL,
    star_types_id integer,
    galaxy_id integer
);


ALTER TABLE public.star OWNER TO freecodecamp;

--
-- Name: star_star_id_seq; Type: SEQUENCE; Schema: public; Owner: freecodecamp
--

CREATE SEQUENCE public.star_star_id_seq
    AS integer
    START WITH 1
    INCREMENT BY 1
    NO MINVALUE
    NO MAXVALUE
    CACHE 1;


ALTER TABLE public.star_star_id_seq OWNER TO freecodecamp;

--
-- Name: star_star_id_seq; Type: SEQUENCE OWNED BY; Schema: public; Owner: freecodecamp
--

ALTER SEQUENCE public.star_star_id_seq OWNED BY public.star.star_id;


--
-- Name: star_types; Type: TABLE; Schema: public; Owner: freecodecamp
--

CREATE TABLE public.star_types (
    star_types_id integer NOT NULL,
    name character varying(30) NOT NULL,
    description text
);


ALTER TABLE public.star_types OWNER TO freecodecamp;

--
-- Name: star_types_star_types_id_seq; Type: SEQUENCE; Schema: public; Owner: freecodecamp
--

CREATE SEQUENCE public.star_types_star_types_id_seq
    AS integer
    START WITH 1
    INCREMENT BY 1
    NO MINVALUE
    NO MAXVALUE
    CACHE 1;


ALTER TABLE public.star_types_star_types_id_seq OWNER TO freecodecamp;

--
-- Name: star_types_star_types_id_seq; Type: SEQUENCE OWNED BY; Schema: public; Owner: freecodecamp
--

ALTER SEQUENCE public.star_types_star_types_id_seq OWNED BY public.star_types.star_types_id;


--
-- Name: galaxy galaxy_id; Type: DEFAULT; Schema: public; Owner: freecodecamp
--

ALTER TABLE ONLY public.galaxy ALTER COLUMN galaxy_id SET DEFAULT nextval('public.galaxy_galaxy_id_seq'::regclass);


--
-- Name: galaxy_types galaxy_types_id; Type: DEFAULT; Schema: public; Owner: freecodecamp
--

ALTER TABLE ONLY public.galaxy_types ALTER COLUMN galaxy_types_id SET DEFAULT nextval('public.galaxy_types_galaxy_types_id_seq'::regclass);


--
-- Name: moon moon_id; Type: DEFAULT; Schema: public; Owner: freecodecamp
--

ALTER TABLE ONLY public.moon ALTER COLUMN moon_id SET DEFAULT nextval('public.moon_moon_id_seq'::regclass);


--
-- Name: planet planet_id; Type: DEFAULT; Schema: public; Owner: freecodecamp
--

ALTER TABLE ONLY public.planet ALTER COLUMN planet_id SET DEFAULT nextval('public.planet_planet_id_seq'::regclass);


--
-- Name: planet_types planet_types_id; Type: DEFAULT; Schema: public; Owner: freecodecamp
--

ALTER TABLE ONLY public.planet_types ALTER COLUMN planet_types_id SET DEFAULT nextval('public.planet_types_planet_types_id_seq'::regclass);


--
-- Name: star star_id; Type: DEFAULT; Schema: public; Owner: freecodecamp
--

ALTER TABLE ONLY public.star ALTER COLUMN star_id SET DEFAULT nextval('public.star_star_id_seq'::regclass);


--
-- Name: star_types star_types_id; Type: DEFAULT; Schema: public; Owner: freecodecamp
--

ALTER TABLE ONLY public.star_types ALTER COLUMN star_types_id SET DEFAULT nextval('public.star_types_star_types_id_seq'::regclass);


--
-- Data for Name: galaxy; Type: TABLE DATA; Schema: public; Owner: freecodecamp
--

INSERT INTO public.galaxy VALUES (1, 'Milky Way', NULL, 28.0, 2);
INSERT INTO public.galaxy VALUES (2, 'Andromeda', NULL, 25.0, 2);
INSERT INTO public.galaxy VALUES (3, 'Magellano', NULL, 99.0, 3);
INSERT INTO public.galaxy VALUES (4, 'Raksha', NULL, 78.0, 3);
INSERT INTO public.galaxy VALUES (5, 'Inzo', NULL, 99.0, 1);
INSERT INTO public.galaxy VALUES (6, 'Enzo', NULL, 75.0, 3);


--
-- Data for Name: galaxy_types; Type: TABLE DATA; Schema: public; Owner: freecodecamp
--

INSERT INTO public.galaxy_types VALUES (1, 'Elliptical', 'Cloudy of elliptical shape');
INSERT INTO public.galaxy_types VALUES (2, 'Spiral', 'Like our galaxy');
INSERT INTO public.galaxy_types VALUES (3, 'Nebula', 'A sort of protogalaxy');


--
-- Data for Name: moon; Type: TABLE DATA; Schema: public; Owner: freecodecamp
--

INSERT INTO public.moon VALUES (1, 'Moon', NULL, 0.0, NULL, 4);
INSERT INTO public.moon VALUES (2, 'Ganimede', NULL, 0.0, NULL, 6);
INSERT INTO public.moon VALUES (3, 'Deimos', NULL, 0.0, NULL, 4);
INSERT INTO public.moon VALUES (4, 'Io', NULL, 0.0, NULL, 6);
INSERT INTO public.moon VALUES (5, 'Callisto', NULL, 0.0, NULL, 6);
INSERT INTO public.moon VALUES (6, 'Europa', NULL, 0.0, NULL, 6);
INSERT INTO public.moon VALUES (7, 'Titano', NULL, 0.0, NULL, 7);
INSERT INTO public.moon VALUES (8, 'Iperione', NULL, 0.0, NULL, 7);
INSERT INTO public.moon VALUES (9, 'Giamarco', NULL, 0.0, NULL, 11);
INSERT INTO public.moon VALUES (10, 'Kreblach', NULL, 0.0, NULL, 11);
INSERT INTO public.moon VALUES (11, 'Mof', NULL, 0.0, NULL, 11);
INSERT INTO public.moon VALUES (12, 'Check', NULL, 0.0, NULL, 11);
INSERT INTO public.moon VALUES (13, 'Ktmurt', NULL, 0.0, NULL, 11);
INSERT INTO public.moon VALUES (14, 'Slayer', NULL, 0.0, NULL, 12);
INSERT INTO public.moon VALUES (15, 'Hunter', NULL, 0.0, NULL, 12);
INSERT INTO public.moon VALUES (16, 'Fshnik', NULL, 0.0, NULL, 12);
INSERT INTO public.moon VALUES (17, 'Berutoldo', NULL, 0.0, NULL, 11);
INSERT INTO public.moon VALUES (18, 'Raina', NULL, 0.0, NULL, 12);
INSERT INTO public.moon VALUES (19, 'Eren', NULL, 0.0, NULL, 12);
INSERT INTO public.moon VALUES (20, 'Zeke', NULL, 0.0, NULL, 13);


--
-- Data for Name: planet; Type: TABLE DATA; Schema: public; Owner: freecodecamp
--

INSERT INTO public.planet VALUES (2, 'Venus', NULL, 39.8, 1, NULL, true, false, 7);
INSERT INTO public.planet VALUES (3, 'Mars', NULL, 55.6, 1, NULL, true, false, 7);
INSERT INTO public.planet VALUES (4, 'Earth', NULL, 0.0, 1, NULL, true, true, 7);
INSERT INTO public.planet VALUES (5, 'Mercury', NULL, 82.5, 1, NULL, true, false, 7);
INSERT INTO public.planet VALUES (6, 'Jupiter', NULL, 6.4, 2, NULL, true, false, 7);
INSERT INTO public.planet VALUES (7, 'Saturn', NULL, 8.1, 2, NULL, true, false, 7);
INSERT INTO public.planet VALUES (8, 'Uranus', NULL, 28.6, 2, NULL, true, false, 7);
INSERT INTO public.planet VALUES (9, 'Pluto', NULL, 17.3, 2, NULL, true, false, 7);
INSERT INTO public.planet VALUES (10, 'Neptune', NULL, 50.0, 2, NULL, true, false, 7);
INSERT INTO public.planet VALUES (11, 'Jambos', NULL, 90.0, 2, NULL, true, false, 7);
INSERT INTO public.planet VALUES (12, 'Tulahon', NULL, 76.0, 1, NULL, true, false, 7);
INSERT INTO public.planet VALUES (13, 'Mathe', NULL, 77.0, 1, NULL, true, false, 7);


--
-- Data for Name: planet_types; Type: TABLE DATA; Schema: public; Owner: freecodecamp
--

INSERT INTO public.planet_types VALUES (1, 'Rock', NULL);
INSERT INTO public.planet_types VALUES (2, 'Gas', NULL);
INSERT INTO public.planet_types VALUES (3, 'Other', NULL);


--
-- Data for Name: star; Type: TABLE DATA; Schema: public; Owner: freecodecamp
--

INSERT INTO public.star VALUES (7, 'Sun', NULL, 0.1, 1, 1);
INSERT INTO public.star VALUES (8, 'Betelgeuse', NULL, 65.0, 1, 2);
INSERT INTO public.star VALUES (9, 'Strax', NULL, 76.0, 3, 5);
INSERT INTO public.star VALUES (10, 'Mone', NULL, 45.0, 1, 6);
INSERT INTO public.star VALUES (11, 'Cret', NULL, 78.0, 2, 4);
INSERT INTO public.star VALUES (12, 'Minz', NULL, 33.0, 1, 4);


--
-- Data for Name: star_types; Type: TABLE DATA; Schema: public; Owner: freecodecamp
--

INSERT INTO public.star_types VALUES (1, 'Dwarf', NULL);
INSERT INTO public.star_types VALUES (2, 'Giant', NULL);
INSERT INTO public.star_types VALUES (3, 'Supergiant', NULL);


--
-- Name: galaxy_galaxy_id_seq; Type: SEQUENCE SET; Schema: public; Owner: freecodecamp
--

SELECT pg_catalog.setval('public.galaxy_galaxy_id_seq', 6, true);


--
-- Name: galaxy_types_galaxy_types_id_seq; Type: SEQUENCE SET; Schema: public; Owner: freecodecamp
--

SELECT pg_catalog.setval('public.galaxy_types_galaxy_types_id_seq', 3, true);


--
-- Name: moon_moon_id_seq; Type: SEQUENCE SET; Schema: public; Owner: freecodecamp
--

SELECT pg_catalog.setval('public.moon_moon_id_seq', 20, true);


--
-- Name: planet_planet_id_seq; Type: SEQUENCE SET; Schema: public; Owner: freecodecamp
--

SELECT pg_catalog.setval('public.planet_planet_id_seq', 13, true);


--
-- Name: planet_types_planet_types_id_seq; Type: SEQUENCE SET; Schema: public; Owner: freecodecamp
--

SELECT pg_catalog.setval('public.planet_types_planet_types_id_seq', 3, true);


--
-- Name: star_star_id_seq; Type: SEQUENCE SET; Schema: public; Owner: freecodecamp
--

SELECT pg_catalog.setval('public.star_star_id_seq', 12, true);


--
-- Name: star_types_star_types_id_seq; Type: SEQUENCE SET; Schema: public; Owner: freecodecamp
--

SELECT pg_catalog.setval('public.star_types_star_types_id_seq', 3, true);


--
-- Name: galaxy galaxy_name_key; Type: CONSTRAINT; Schema: public; Owner: freecodecamp
--

ALTER TABLE ONLY public.galaxy
    ADD CONSTRAINT galaxy_name_key UNIQUE (name);


--
-- Name: galaxy galaxy_pkey; Type: CONSTRAINT; Schema: public; Owner: freecodecamp
--

ALTER TABLE ONLY public.galaxy
    ADD CONSTRAINT galaxy_pkey PRIMARY KEY (galaxy_id);


--
-- Name: galaxy_types galaxy_types_name_key; Type: CONSTRAINT; Schema: public; Owner: freecodecamp
--

ALTER TABLE ONLY public.galaxy_types
    ADD CONSTRAINT galaxy_types_name_key UNIQUE (name);


--
-- Name: galaxy_types galaxy_types_pkey; Type: CONSTRAINT; Schema: public; Owner: freecodecamp
--

ALTER TABLE ONLY public.galaxy_types
    ADD CONSTRAINT galaxy_types_pkey PRIMARY KEY (galaxy_types_id);


--
-- Name: moon moon_name_key; Type: CONSTRAINT; Schema: public; Owner: freecodecamp
--

ALTER TABLE ONLY public.moon
    ADD CONSTRAINT moon_name_key UNIQUE (name);


--
-- Name: moon moon_pkey; Type: CONSTRAINT; Schema: public; Owner: freecodecamp
--

ALTER TABLE ONLY public.moon
    ADD CONSTRAINT moon_pkey PRIMARY KEY (moon_id);


--
-- Name: planet planet_name_key; Type: CONSTRAINT; Schema: public; Owner: freecodecamp
--

ALTER TABLE ONLY public.planet
    ADD CONSTRAINT planet_name_key UNIQUE (name);


--
-- Name: planet planet_pkey; Type: CONSTRAINT; Schema: public; Owner: freecodecamp
--

ALTER TABLE ONLY public.planet
    ADD CONSTRAINT planet_pkey PRIMARY KEY (planet_id);


--
-- Name: planet_types planet_types_name_key; Type: CONSTRAINT; Schema: public; Owner: freecodecamp
--

ALTER TABLE ONLY public.planet_types
    ADD CONSTRAINT planet_types_name_key UNIQUE (name);


--
-- Name: planet_types planet_types_pkey; Type: CONSTRAINT; Schema: public; Owner: freecodecamp
--

ALTER TABLE ONLY public.planet_types
    ADD CONSTRAINT planet_types_pkey PRIMARY KEY (planet_types_id);


--
-- Name: star star_name_key; Type: CONSTRAINT; Schema: public; Owner: freecodecamp
--

ALTER TABLE ONLY public.star
    ADD CONSTRAINT star_name_key UNIQUE (name);


--
-- Name: star star_pkey; Type: CONSTRAINT; Schema: public; Owner: freecodecamp
--

ALTER TABLE ONLY public.star
    ADD CONSTRAINT star_pkey PRIMARY KEY (star_id);


--
-- Name: star_types star_types_name_key; Type: CONSTRAINT; Schema: public; Owner: freecodecamp
--

ALTER TABLE ONLY public.star_types
    ADD CONSTRAINT star_types_name_key UNIQUE (name);


--
-- Name: star_types star_types_pkey; Type: CONSTRAINT; Schema: public; Owner: freecodecamp
--

ALTER TABLE ONLY public.star_types
    ADD CONSTRAINT star_types_pkey PRIMARY KEY (star_types_id);


--
-- Name: galaxy galaxy_galaxy_types_id_fkey; Type: FK CONSTRAINT; Schema: public; Owner: freecodecamp
--

ALTER TABLE ONLY public.galaxy
    ADD CONSTRAINT galaxy_galaxy_types_id_fkey FOREIGN KEY (galaxy_types_id) REFERENCES public.galaxy_types(galaxy_types_id);


--
-- Name: moon moon_planet_id_fkey; Type: FK CONSTRAINT; Schema: public; Owner: freecodecamp
--

ALTER TABLE ONLY public.moon
    ADD CONSTRAINT moon_planet_id_fkey FOREIGN KEY (planet_id) REFERENCES public.planet(planet_id);


--
-- Name: planet planet_planet_types_id_fkey; Type: FK CONSTRAINT; Schema: public; Owner: freecodecamp
--

ALTER TABLE ONLY public.planet
    ADD CONSTRAINT planet_planet_types_id_fkey FOREIGN KEY (planet_types_id) REFERENCES public.planet_types(planet_types_id);


--
-- Name: planet planet_star_id_fkey; Type: FK CONSTRAINT; Schema: public; Owner: freecodecamp
--

ALTER TABLE ONLY public.planet
    ADD CONSTRAINT planet_star_id_fkey FOREIGN KEY (star_id) REFERENCES public.star(star_id);


--
-- Name: star star_galaxy_id_fkey; Type: FK CONSTRAINT; Schema: public; Owner: freecodecamp
--

ALTER TABLE ONLY public.star
    ADD CONSTRAINT star_galaxy_id_fkey FOREIGN KEY (galaxy_id) REFERENCES public.galaxy(galaxy_id);


--
-- Name: star star_star_types_id_fkey; Type: FK CONSTRAINT; Schema: public; Owner: freecodecamp
--

ALTER TABLE ONLY public.star
    ADD CONSTRAINT star_star_types_id_fkey FOREIGN KEY (star_types_id) REFERENCES public.star_types(star_types_id);


--
-- PostgreSQL database dump complete
--

